{
    "name": "customseed",
    "som": "seed",

    "audio": {
        "channels": 2
    },

    "defines": {
        "OOPSY_TARGET_HAS_MIDI_INPUT": 1
      },

    "components": {
        "p1": {
            "component": "AnalogControl",
            "pin": 15
        },
        "p2": {
            "component": "AnalogControl",
            "pin": 16
        
        },
        "p3": {
            "component": "AnalogControl",
            "pin": 17
        
        },
        "p4": {
            "component": "AnalogControl",
            "pin": 18
        
        },
        "p5": {
            "component": "AnalogControl",
            "pin": 19
        
        },
        "p6": {
            "component": "AnalogControl",
            "pin": 20
        
        },
        "p7": {
            "component": "AnalogControl",
            "pin": 21

        
        },
        "p8": {
            "component": "AnalogControl",
            "pin": 22
            
        
        },
        "p9": {
            "component": "AnalogControl",
            "pin": 23
            
        
        },
        "p10": {
            "component": "AnalogControl",
            "pin": 24
            
        
        },
        "p11": {
            "component": "AnalogControl",
            "pin": 25
            
        
        },
        "p12": {
            "component": "AnalogControl",
            "pin": 28
            
        
        },

        "led1": {
            "component": "Led",
            "pin": 12
        },

        "led2": {
            "component": "Led",
            "pin": 11
        
        },

        "led3": {
            "component": "Led",
            "pin": 10
        
        },

        "led4": {
            "component": "Led",
            "pin": 9
        
        },

        "led5": {
            "component": "Led",
            "pin": 8
        
        },

        "led6": {
            "component": "Led",
            "pin": 7
        
        },

   

        "sw1" : {
            "component": "Switch",
            "pin": 0
        },

        "sw2" : {
            "component": "Switch",
            "pin": 1
        },

        "sw3" : {
            "component": "Switch",
            "pin": 2
        },

        "sw4" : {
            "component": "Switch",
            "pin": 3
        },

        "sw5" : {
            "component": "Switch",
            "pin": 4
        },

        "sw6" : {
            "component": "Switch",
            "pin": 5
        }
        
      
        
        
    }
}